,,,Auto,Auto,Teleop,Teleop,Teleop,Teleop,,
Team Number,Match,Position,SHOOTING,L1,SHOOTING,L1,L2,L3,Score,Notes
"1,796",1,B1,61.75587758,0,240.9688283,0,0,0,302.7247059,
"5,549",1,B2,10.72745529,0,46.27738511,0,0,0,57.0048404,
604,1,B3,61.51666713,0,220.7537865,0,0,0,282.2704537,
"2,370",2,B1,58,0,364,0,0,0,422,
868,2,,5.041280259,0,121.105423,0,0,0,126.1467033,
687,2,,52.95871974,0,242.894577,0,0,0,295.8532967,
148,3,,8,0,174,0,0,0,182,
"6,988",3,B2,0,0,0,0,0,0,2,"Died for most of the match and woke up near the end, weird driving"
"5,948",3,B3,0,0,0,0,0,0,2,No show
"3,005",4,B1,44.52927944,0,178.8725178,0,0,0,223.4017973,
"10,979",4,B2,0,0,0,0,0,0,2,played defense entire time
386,4,B3,21.47072056,0,121.1274822,0,0,0,142.5982027,
"11,463",5,B1,0,0,0,0,0,0,2,defense- tippy
948,5,B2,3.925564665,0,22.48719361,0,0,0,26.41275828,
"10,903",5,R1,11.4118896,0,56.51016393,0,0,0,67.92205353,
"10,903",5,R1,31.5881104,0,102.4898361,0,0,0,134.0779465,
"3,276",5,R3,0,0,0,0,0,0,2,"Shooter broke in auto, then died"
"4,561",5,B3,77.07443533,0,400.5128064,0,0,0,477.5872417,
"5,951",6,R2,9.822808843,0,5.043822202,0,0,0,14.86663104,killed itself
"9,450",6,B1,14.93537221,0,122.4225946,0,0,0,137.3579668,turret- not afraid of red territory
"9,029",6,B2,53.74509374,0,95.11726198,0,0,0,148.8623557,robbed and cleaned
"2,194",6,R1,23.73803295,0,207.33112,0,0,0,231.069153,
"2,996",6,R3,25.43915821,0,155.6250578,0,0,0,181.064216,fumbly auto
"1,540",6,B3,28.31953405,0,123.4601434,0,0,0,151.7796775,
"9,128",7,B1,0,0,314.4220568,0,0,0,314.4220568,dumper
"1,833",7,R2,25.56495557,0,193.0487564,0,0,0,218.613712,
"10,935",7,B2,0,0,0,0,0,0,2,
"8,046",7,R3,34.43504443,0,144.9512436,0,0,0,179.386288,shooter cant shoog from far
341,7,B3,91,0,136.5779432,10,0,0,237.5779432,
"1,884",7,R1,0,0,0,0,0,0,2,Its a brick
233,8,R2,34.71683361,0,85.02404073,0,0,0,119.7408743,
"5,216",8,B1,0,0,224.7320924,0,0,0,224.7320924,
195,8,B2,60.98545697,0,167.5393867,0,0,0,228.5248437,
"4,206",8,R1,16.42959138,0,31.33250474,0,0,0,47.76209613,
"9,245",8,R3,34.85357501,0,116.6434545,0,0,0,151.4970295,Mid
"2,910",8,B3,86.01454303,0,279.7285209,0,0,0,365.7430639,
"3,966",9,B1,10.27614403,0,94.21298641,0,0,0,104.4891304,broken intake?
"3,256",9,R1,30.063164,0,235.1005913,0,0,0,265.1637553,
"6,036",9,B2,18.06634838,0,155.6643139,0,0,0,173.7306622,
"1,577",9,B3,41.65750759,0,156.1226997,0,0,0,197.7802073,
"3,044",9,R2,18.39631168,0,20.83610512,0,0,0,39.23241681,
"7,160",9,R3,11.54052432,0,31.06330361,0,0,0,42.60382793,
599,10,R2,30.58742659,0,75.28847989,0,0,0,105.8759065,stopped moving
"2,586",10,B1,24.60645576,0,32.73314417,0,0,0,57.33959993,turret- drivers are hesitant shooters
"1,922",10,R3,16.80882278,0,103.0926421,0,0,0,119.9014649,
"1,922",10,R1,13.60375064,0,129.618878,0,0,0,143.2226286,
"8,373",10,B2,0,0,58.1332333,0,0,0,58.1332333,
"1,807",10,B3,55.39354424,0,70.13362253,0,0,0,125.5271668,
180,11,R2,0,0,101.2164814,0,0,0,101.2164814,on bump
"10,553",11,B1,0,0,0,0,0,0,2,defense
695,11,R3,31.04844961,0,171.557814,0,0,0,202.6062636,
695,11,R1,42.95155039,0,230.2257046,0,0,0,273.177255,
424,11,B2,48.58510217,0,172.4002823,0,0,0,220.9853844,
"5,736",11,B3,47.41489783,0,290.5997177,0,0,0,338.0146156,
"2,713",12,R2,47.94299201,0,529,0,0,0,576.942992,
"1,902",12,B1,0,0,8.097370136,0,0,0,8.097370136,defense
"3,354",12,R3,26.05700799,0,0,0,0,0,26.05700799,
"3,354",12,R1,0,0,0,0,0,0,2,
"2,067",12,B2,0,0,43.9536093,0,0,0,43.9536093,
88,12,B3,64,0,76.94902057,0,0,0,140.9490206,
604,13,R2,35.65438957,0,226.0928081,0,0,0,261.7471977,
"3,005",13,B1,13.76252106,0,212.6857902,0,0,0,226.4483112,
148,13,R3,2.848586638,0,202.4399822,0,0,0,205.2885688,
973,13,R1,93.4970238,0,363.4672097,0,0,0,456.9642335,
818,13,B2,9.209280285,0,55.18091787,0,0,0,64.39019816,
"4,400",13,B3,72.02819866,0,195.133292,0,0,0,267.1614906,
"4,253",14,R2,9.755296494,0,17.17133771,0,0,0,26.92663421,
"5,948",14,B1,0,0,0,0,0,0,2,defense- really slow
"9,450",14,R3,7.754545425,0,120.5977836,0,0,0,128.3523291,
"5,951",14,R1,5.490158081,0,107.2308787,0,0,0,112.7210367,
868,14,B2,36.20694627,0,152.5583038,0,0,0,188.7652501,
930,14,B3,38.79305373,0,221.4416962,0,0,0,260.2347499,
"9,408",15,R2,58.91780286,0,159.6244469,0,0,0,218.5422498,
"1,833",15,B1,67.39567597,0,214.5473571,0,0,0,281.9430331,surprisingly large hopper
"5,414",15,R3,29.08219714,0,162.3755531,0,0,0,191.4577502,
"3,276",15,R1,0,0,0,0,0,0,2,
"2,996",15,B2,21.18648077,0,104.1735283,0,0,0,125.360009,died and came back  mid match
"4,099",15,B3,39.41784325,0,68.27911461,0,0,0,107.6969579,
"6,352",16,R2,20.21129837,0,53.32549325,0,0,0,73.53679162,
"10,291",16,B1,0,0,84.16874247,0,0,0,84.16874247,
"10,903",16,R3,12.1934897,0,52.11013314,0,0,0,64.30362284,
"9,128",16,R1,81.59521193,0,375.5643736,0,0,0,457.1595855,
386,16,B2,33.41788264,0,158.7702041,0,0,0,192.1880868,
"10,935",16,B3,2.582117358,0,16.0610534,0,0,0,18.64317076,
"11,463",17,R2,0,0,0,0,0,0,2,slow tanker
"5,216",17,B1,71.80804743,0,146.6686971,0,0,0,218.4767445,broken intake/shooter?
687,17,R3,46.32743742,0,275.0583,0,0,0,321.3857374,
"1,540",17,R1,36.67256258,0,204.9417,0,0,0,241.6142626,
"3,256",17,B2,56.19195257,0,292.3313029,0,0,0,348.5232555,
"6,988",17,B3,0,0,0,0,0,0,2,Defense bot
"2,194",18,R2,52.37245456,0,95.37068535,0,0,0,147.7431399,
948,18,B1,8.16415524,0,106.6871418,0,0,0,114.8512971,
"6,036",18,R3,7.962045695,0,187.2362555,0,0,0,195.1983012,
"4,590",18,R1,13.66549974,0,281.3930591,0,0,0,295.0585589,
"1,884",18,B2,0,0,0,0,0,0,2,
"2,783",18,B3,91.83584476,0,353.3128582,0,0,0,445.1487029,
"9,067",19,R2,33.82447594,0,70.21977267,0,0,0,104.0442486,
"3,044",19,B1,7.674134538,0,116.3316508,0,0,0,124.0057854,
341,19,R3,21.15160041,0,170.2843431,0,0,0,191.4359436,
"5,736",19,R1,69.02392364,0,389.4958842,0,0,0,458.5198078,
"6,647",19,B2,17.11397597,0,219.8343377,0,0,0,236.9483137,
599,19,B3,47.2118895,0,244.8340115,0,0,0,292.045901,
"2,586",20,R2,25.35173189,0,17.63217948,10,0,0,52.98391137,
"3,966",20,B1,31.58964689,0,55.37717082,0,0,0,86.96681772,defense- broken intake?
"1,108",20,R3,6.046848092,0,54.55266107,0,0,0,60.59950916,
"2,067",20,R1,52.60142002,0,151.8151594,0,0,0,204.4165795,
"9,245",20,B2,28.80697902,0,202.5039618,0,0,0,231.3109408,
"5,549",20,B3,17.60337408,0,139.1188674,0,0,0,156.7222415,
"2,052",21,B2,6.565363525,0,96.80873224,0,0,0,103.3740958,hopper was destroyed
"1,577",21,R1,34.34618995,0,137.7364392,0,0,0,172.0826291,
"2,910",21,B3,107.4922412,0,367.1136868,0,0,0,474.605928,
346,21,B1,6.942395269,0,125.077581,0,0,0,132.0199762,
"2,046",21,R3,64.71093806,0,229.2635608,0,0,0,293.9744989,scored in other alliance hub
"10,553",21,R2,6.942871988,0,0,0,0,0,6.942871988,Defense
"10,979",22,B2,0,0,0,0,0,0,2,never even moved
"4,206",22,R1,16.56366228,0,125.5400373,0,0,0,142.1036996,
"1,922",22,B3,71.81561235,0,239.4154129,0,0,0,311.2310253,
"1,796",22,B1,29.18438765,0,212.5845871,0,0,0,241.7689747,
818,22,R3,37.55338292,0,133.4599627,0,0,0,171.0133456,
"1,902",22,R2,2.882954805,0,0,0,0,0,2.882954805,Broken intake
424,23,B2,49.04387271,0,149.7726933,0,0,0,198.8165661,
88,23,R1,5.175732762,0,53.93572315,0,0,0,59.11145591,
"4,400",23,B3,35.87274069,0,159.2273067,0,0,0,195.1000473,
"1,807",23,B1,24.08338661,0,0,0,0,0,24.08338661,
195,23,R3,19.75884814,0,142.661395,0,0,0,162.4202431,
"9,029",23,R2,2.065419099,0,46.40288186,0,0,0,48.46830096,
233,24,B2,29.19340526,0,144.2471648,0,0,0,173.4405701,
180,24,R1,49.06582768,0,0,0,0,0,49.06582768,turret fell off
"4,561",24,B3,45.80659474,0,57.92985251,0,0,0,103.7364472,
"2,713",24,B1,0,0,135.8229827,0,0,0,135.8229827,
"6,436",24,R3,0,0,155.9941221,0,0,0,155.9941221,
"2,370",24,R2,57.93417232,0,21.00587792,0,0,0,78.94005024,
"8,373",25,B2,23.32354705,0,200.3353104,0,0,0,223.6588575,
"3,354",25,R1,0,0,84.68740448,0,0,0,84.68740448,
973,25,B3,46.41032474,0,247.569311,0,0,0,293.9796358,
"7,160",25,B1,6.266128205,0,42.09537855,0,0,0,48.36150675,
695,25,R3,76.27718072,0,164.7875201,0,0,0,241.0647008,
"8,046",25,R2,26.72281928,0,47.52507543,0,0,0,74.2478947,
"11,463",26,B2,7.053054684,0,8.776885136,0,0,0,15.82993982,"jsmmed intake, kit bot"
"4,253",26,B3,0,0,0,0,0,0,2,Can't see
"1,833",26,R1,0,0,0,0,0,0,2,
"2,194",26,B1,46.94694532,0,216.2231149,0,0,0,263.1700602,
386,26,R3,21.45151152,0,65.73064269,0,0,0,87.18215421,
687,26,R2,43.54848848,0,220.2693573,0,0,0,263.8178458,
"5,948",27,B2,0,0,43.80674675,0,0,0,43.80674675,
"5,414",27,B3,45,0,69.19325325,0,0,0,114.1932533,
"2,783",27,R1,51.50442789,0,173.9703346,0,0,0,225.4747625,hopper broke
599,27,B1,0,0,0,0,0,0,2,Never moved
"5,216",27,R3,0,0,128.7467947,0,0,0,128.7467947,
"10,935",27,R2,2.495572107,0,3.282870712,0,0,0,5.778442819,
341,28,B2,50.82987644,0,74.63773017,0,0,0,125.4676066,
"4,590",28,B3,0,0,63.49125526,0,0,0,63.49125526,
"5,549",28,R1,50.57466463,0,193.9307023,0,0,0,244.5053669,
"3,256",28,B1,79.17012356,0,118.8710146,0,0,0,198.0411381,
"3,276",28,R3,0,0,6.727454902,0,0,0,6.727454902,
"9,450",28,R2,21.42533537,0,133.3418428,0,0,0,154.7671782,
"1,884",29,B2,0,0,0,0,0,0,2,"on ball but got off by thrmselves, bent in the middle"
"3,966",29,R1,17.54864005,0,154.571771,0,0,0,172.1204111,
"2,910",29,B3,0,0,405,0,0,0,405,
"1,884",29,B2,0,0,0,0,0,0,2,
"9,067",29,R3,12.44684232,0,103.0505772,0,0,0,115.4974195,
"2,996",29,R2,26.00451764,0,157.3776518,0,0,0,183.3821694,
"10,553",30,B2,4.534379355,0,0,0,0,0,4.534379355,
868,30,R1,41.66234318,0,183.7194607,0,0,0,225.3818039,
"9,128",30,B3,108.6046882,0,207.7971903,0,0,0,316.4018785,
"4,099",30,B2,37.86093242,0,73.20280973,0,0,0,111.0637422,
818,30,R3,56.47921741,0,124.516445,10,0,0,190.9956624,
948,30,R2,4.858439418,0,7.764094317,0,0,0,12.62253373,
"1,902",31,B2,0,0,0,0,0,0,2,m
"6,988",31,R1,0,0,0,0,0,0,2,wheels misaligned. Bad defense
"9,029",31,B3,29.6605849,0,114.5301008,0,0,0,144.1906857,
930,31,B1,33.3394151,0,166.4698992,0,0,0,199.8093143,
"1,577",31,R2,29.20075541,0,82.04322191,0,0,0,111.2439773,
"4,206",31,R3,24.79924459,0,69.95677809,0,0,0,94.75602269,
"2,586",32,B2,17.41563306,0,24.42949594,10,0,0,51.845129,
424,32,R1,0,0,0,0,0,0,2,
233,32,B3,22.13491182,0,150.3394273,0,0,0,172.4743391,
"1,796",32,B1,55.44945512,0,190.2310768,0,0,0,245.6805319,died at the end? Stopped moving
"3,005",32,R3,66.27512587,0,66.0043381,0,0,0,132.279464,
"2,046",32,R2,7.724874133,0,251.9956619,0,0,0,259.720536,
"10,291",33,B2,10.67928172,0,93.51852787,0,0,0,104.1978096,
973,33,R1,72.01077953,0,236.266425,0,0,0,308.2772045,struggles over bump
"2,713",33,B3,0,0,90.54101824,0,0,0,90.54101824,
"1,807",33,B1,18.32071828,0,33.94045389,0,0,0,52.26117217,
"3,044",33,R3,0,0,37.72232615,0,0,0,37.72232615,
695,33,R2,39.98922047,0,182.0112489,0,0,0,222.0004694,
"1,922",34,B2,0,0,248.2936071,0,0,0,248.2936071,
"2,370",34,R1,0,0,79.40854322,0,0,0,79.40854322,shuttled most of round
"9,245",34,B3,27.89016618,0,150.5697886,0,0,0,178.4599548,
"6,647",34,B1,43.10983382,0,198.1366043,0,0,0,241.2464381,
"1,540",34,R3,93.65728215,0,372.6822579,0,0,0,466.33954,
88,34,R2,34.34271785,0,129.9091989,0,0,0,164.2519167,j
346,35,B2,25.83030652,0,222.8028001,0,0,0,248.6331066,
"4,400",35,R1,47.39918022,0,236.6721248,0,0,0,284.071305,
"8,373",35,B3,25.94886284,0,88.72760148,0,0,0,114.6764643,power problems
"9,408",35,B1,50.22083063,0,256.4695984,0,0,0,306.690429,
"10,903",35,R3,21.26295583,0,94.87510146,0,0,0,116.1380573,
180,35,R2,25.33786395,0,89.45277378,0,0,0,114.7906377,
"6,036",36,R1,0,0,75.73915999,0,0,0,75.73915999,Consistent
604,36,B2,0,0,233.792122,0,0,0,233.792122,
"4,561",36,B1,20,0,242.207878,0,0,0,262.207878,Shooter stopped working.
195,36,R2,0,0,166.5418583,0,0,0,166.5418583,
"4,561",36,R3,24.62096774,0,38.7580298,0,0,0,63.37899754,
"4,561",36,R3,18.37903226,0,23.96095189,0,0,0,42.33998415,
"3,354",37,R1,0.3507756065,0,84.3674128,0,0,0,84.7181884,
"5,736",37,B2,79.77718299,0,287.7929187,0,0,0,367.5701017,
"2,052",37,R2,0.5412789412,0,55.99357576,0,0,0,56.5348547,
"8,046",37,B1,37.22281701,0,32.20708129,0,0,0,69.42989831,Shooter stopped working.
"3,354",37,R1,88.46253344,0,67.62111729,0,0,0,156.0836507,
"2,052",37,R2,0.9507438397,0,88.16462357,0,0,0,89.11536741,
148,37,R3,0.6946681738,0,85.85327058,0,0,0,86.54793876,
"6,436",38,R3,44.70066807,0,238.6055624,0,0,0,283.3062305,
"10,979",38,B2,0,0,0,0,0,0,2,shot fuel weird- technical problems- couldn't move right
"1,884",38,R2,0,0,0,0,0,0,2,
"5,948",38,B1,27.02222465,0,118.0377391,0,0,0,145.0599638,
"10,553",38,R1,15.29933193,0,46.39443757,0,0,0,61.6937695,
"2,067",38,B3,62.97777535,0,167.9622609,0,0,0,230.9400362,
"6,988",39,R3,0,0,0,0,0,0,2,
386,39,R2,21,0,54.04268778,0,0,0,75.04268778,
599,39,B1,124.1755222,0,590.1231781,0,0,0,714.2987002,
948,39,B3,6.824477822,0,34.87682194,0,0,0,41.70129976,
930,39,R1,0,0,315.9573122,0,0,0,315.9573122,
"2,783",40,R3,55.74177072,0,178.0223707,0,0,0,233.7641415,
"3,966",40,B2,8.930523601,0,79.82796944,0,0,0,88.75849304,
"6,352",40,B2,3.096822226,0,64.94341967,0,0,0,68.04024189,
"2,910",40,R2,70.25822928,0,235.9337485,0,0,0,306.1919778,
"1,902",40,B1,0,0,5.035772382,0,0,0,5.035772382,
"3,005",40,B3,23.97265417,0,90.19283851,0,0,0,114.1654927,
"9,450",40,R1,0,0,110.0438807,0,0,0,110.0438807,
233,41,R3,27.06477769,0,109.8541367,0,0,0,136.9189144,
973,41,B2,37.51193184,0,159.5509905,0,0,0,197.0629223,
"9,128",41,R2,15.55964517,0,271.39689,0,0,0,286.9565352,
"9,067",41,B1,9.174779951,0,11.98956095,0,0,0,21.1643409,
"9,029",41,B3,37.31328821,0,188.4594485,0,0,0,225.7727367,bot shuttles from other side
"5,549",41,R1,11.37557713,0,111.7489733,0,0,0,123.1245504,
"2,713",42,R3,0,0,154.4566988,0,0,0,154.4566988,Auto stuck over bump
"10,935",42,B2,0,0,0,0,0,0,2,
"4,099",42,R2,20.0427341,0,29.25426633,0,0,0,49.29700043,
"1,807",42,B1,9.53537808,0,72.85128046,0,0,0,82.38665854,
687,42,B3,46.46462192,0,196.1487195,0,0,0,242.6133415,
"9,245",42,R1,11.9572659,0,117.2890349,0,0,0,129.2463008,
868,43,R3,0,0,143.1417041,0,0,0,143.1417041,
341,43,B2,44.30428621,0,80.18303211,0,0,0,124.4873183,
"4,206",43,R2,30,0,58.62202348,0,0,0,88.62202348,
"1,540",43,B1,13.73248263,0,86.62612271,0,0,0,100.3586053,
"10,291",43,B3,32.96323117,0,151.1908452,0,0,0,184.1540763,
424,43,R1,0,0,179.2362724,0,0,0,179.2362724,
195,44,R3,79.04743744,0,33.26021365,0,0,0,112.3076511,Played defense
604,44,B2,61.94765871,0,212.5590206,0,0,0,274.5066793,
"6,647",44,R2,17.55069196,0,120.507122,0,0,0,138.0578139,
"2,046",44,B1,0,0,0,0,0,0,2,
"2,996",44,B3,27.05234129,0,235.4409794,0,0,0,262.4933207,
"8,373",44,R1,13.4018706,0,101.2326644,0,0,0,114.634535,
195,45,R3,75.8575143,0,78.5551348,0,0,0,154.4126491,Defense near end
818,45,B2,14.8880557,0,31.25809149,0,0,0,46.14614719,
"9,408",45,R2,7.274255434,0,163.5601773,0,0,0,170.8344328,
"5,951",45,B1,11.43563158,0,98.98079824,0,0,0,110.4164298,
"2,052",45,B3,48.67631272,0,169.7611103,0,0,0,218.437423,
"11,463",45,R1,11.86823027,0,44.88468787,0,0,0,56.75291814,
"5,216",46,R3,0,0,190.2132186,0,0,0,190.2132186,
"1,833",46,B2,94.05660436,0,163.5269454,0,0,0,257.5835497,
"1,108",46,R2,33.05543007,0,118.4843652,0,0,0,151.5397953,
"6,352",46,B1,0,0,137.2010266,0,0,0,137.2010266,
"3,354",46,B3,19.94339564,0,181.272028,0,0,0,201.2154237,
"1,577",46,R1,55.94456993,0,175.3024162,0,0,0,231.2469861,
"10,979",47,R3,3.623092387,0,0,0,0,0,3.623092387,Defense
88,47,B2,14.16574865,0,1.205869831,0,0,0,15.37161849,
148,47,R2,31.58099386,0,132.5961568,0,0,0,164.1771506,
695,47,B1,41.64748197,0,5.391651376,0,0,0,47.03913335,
"3,256",47,B3,38.18676937,0,423.4024788,0,0,0,461.5892482,
"4,561",47,R1,49.79591375,0,146.4038432,0,0,0,196.199757,
"5,736",48,R3,69.87666726,0,181.2212513,0,0,0,251.0979185,
"4,400",48,B2,37.92522726,0,153.1898833,0,0,0,191.1151106,
"2,586",48,R2,4.373184276,0,39.12877706,0,0,0,43.50196133,
"7,160",48,B1,9.543715943,0,48.27413952,0,0,0,57.81785546,
"3,276",48,B3,53.5310568,0,211.5359772,0,0,0,265.067034,
"6,436",48,R1,27.75014847,0,103.6499717,0,0,0,131.4001201,
"2,067",49,R3,0,0,218.1260215,0,0,0,218.1260215,
"2,370",49,B2,0,0,103.6583033,0,0,0,103.6583033,
"10,903",49,R2,65,0,39.40628916,0,0,0,104.4062892,died at the end
"4,253",49,B1,35.77055052,0,63.67356301,0,0,0,99.44411353,
"8,046",49,B3,46.22944948,0,199.6681337,0,0,0,245.8975832,
"4,590",49,R1,0,0,173.4676894,0,0,0,173.4676894,
"2,194",50,R3,36.55558597,0,133.8897755,0,0,0,170.4453615,
"5,414",50,B2,20.742014,0,88.68420361,0,0,0,109.4262176,
346,50,R2,28.39946428,0,188.3284134,0,0,0,216.7278777,
"1,922",50,B1,62.62683327,0,176.9046289,0,0,0,239.5314622,
"3,044",50,B3,16.63115273,0,90.41116748,0,0,0,107.0423202,
"1,108",50,R1,4.044949752,0,47.78181113,0,0,0,51.82676088,
"10,553",51,R3,0,0,9.973963221,0,0,0,9.973963221,
341,51,R2,33.94442797,0,112.972479,0,0,0,146.916907,
233,51,B1,7.463666942,0,64.06885317,0,0,0,71.53252011,
930,51,B3,35.53633306,0,285.9311468,0,0,0,321.4674799,
"2,783",51,R1,51.05557203,0,159.0535578,0,0,0,210.1091298,
"2,713",52,B2,11.85500323,0,26.27133704,0,0,0,38.12634027,broken shooter?
599,52,B3,69.50915968,0,152.7459249,0,0,0,222.2550846,
180,52,B1,7.635837093,0,109.982738,0,0,0,117.6185751,
"4,206",52,R3,25.34280719,0,83.7136103,0,0,0,109.0564175,
"3,005",52,R1,46.43061652,0,80.39210275,0,0,0,126.8227193,
"9,128",52,R2,48.22657629,0,253.894287,0,0,0,302.1208633,
386,53,B2,27.88351966,0,79.79119211,0,0,0,107.6747118,
"2,046",53,B3,0,0,229.2088079,0,0,0,229.2088079,
"5,549",53,R3,61.97539233,0,262.2568711,0,0,0,324.2322634,
818,53,R1,17.95804231,0,17.39997198,10,0,0,45.35801429,
"1,807",53,B1,18.11648034,0,0,0,0,0,18.11648034,
"1,540",53,R2,19.06656536,0,127.343157,0,0,0,146.4097223,
"9,029",54,B2,31.95110276,0,122.7734583,0,0,0,154.724561,
"3,354",54,B3,24.38784331,0,131.8236668,0,0,0,156.2115101,
604,54,R3,66.25060807,0,159.1254892,0,0,0,225.3760972,
"2,052",54,R1,15.70529153,0,116.773205,0,0,0,132.4784966,
"2,996",54,B1,18.66105393,0,41.40287493,10,0,0,70.06392887,intake broke
"5,948",54,R2,28.0441004,0,106.1013058,0,0,0,134.1454062,
"4,099",55,R1,0,0,133.8767816,0,0,0,133.8767816,
"11,463",55,B3,6.294410497,0,10.19333467,0,0,0,16.48774517,
"3,966",55,B2,32.19730688,0,131.6196247,0,0,0,163.8169315,
"1,902",55,R3,0,0,18.66186332,0,0,0,18.66186332,"Crappy intake and slow shooter, fed hps"
88,55,B1,7.508282622,0,130.1870407,0,0,0,137.6953233,
"9,067",55,R2,25,0,129.461355,0,0,0,154.461355,
948,56,R1,2.562190799,0,7.134472688,0,0,0,9.696663488,broken shooter
"9,408",56,B3,0,0,233.3841633,0,0,0,233.3841633,
"7,160",56,B1,0,0,86.13993645,0,0,0,86.13993645,
"6,436",56,B2,102,0,251.4759003,0,0,0,353.4759003,
148,56,R3,38.5915197,0,198.4041526,0,0,0,236.9956723,We↓d be stupid not to pick them
"5,216",56,R2,49.8462895,0,221.4613747,0,0,0,271.3076642,
"9,245",57,R1,24.81968537,0,101.5943911,0,0,0,126.4140765,
424,57,B3,39.34003385,0,22.01058501,0,0,0,61.35061886,
"1,577",57,B1,26.28706176,0,250.8833374,0,0,0,277.1703992,
"10,903",57,B2,15.37290439,0,81.10607759,0,0,0,96.47898198,
"10,979",57,B3,0,0,0,0,0,0,2,"L defense, fed hps"
973,57,R2,49.18031463,0,242.4056089,0,0,0,291.5859235,
"1,922",58,R1,35.11277432,0,213.985314,0,0,0,249.0980883,
"6,036",58,B3,26.20358032,0,223.5239626,0,0,0,249.727543,
"3,276",58,B1,36.08307378,0,249.4760374,0,0,0,285.5591111,
"8,046",58,B2,36.71334591,0,0,0,0,0,36.71334591,
"9,450",58,R3,11.98856476,0,71.94439201,0,0,0,83.93295677,"Good concept, could be really fast if they had someone feeding them, shooter needs fine tuning"
"1,108",58,R2,17.89866092,0,71.07029404,0,0,0,88.96895496,
"4,400",59,R1,0,0,140.804354,0,0,0,140.804354,
695,59,B3,53.08396552,0,173.4521811,0,0,0,226.5361466,
"4,561",59,B1,47.91603448,0,179.5478189,0,0,0,227.4638534,
"6,988",59,B2,0,0,0,0,0,0,2,
"6,352",59,R3,8.691299952,0,76.89069228,0,0,0,85.58199223,"Ok defense, gets bleached easily, can suck up so many balls from the other side"
"4,590",59,R2,43.30870005,0,157.3049537,0,0,0,200.6136538,
"5,414",60,R1,21.14280554,0,18.48503325,0,0,0,39.62783879,
195,60,B3,49.63739065,0,94.06115099,0,0,0,143.6985416,
"1,884",60,B1,0,0,0,0,0,0,2,
"5,736",60,B2,67.36260935,0,188.938849,0,0,0,256.3014584,
868,60,R3,33.48274157,0,182.4195346,0,0,0,215.9022762,"Turret inaccurate, fast"
"1,796",60,R2,57.37445289,0,232.0954321,0,0,0,289.469885,
"6,647",61,R3,62.82448473,0,212.5648128,0,0,0,275.3892975,
"10,935",61,R1,1.091224153,0,0,0,0,0,1.091224153,
"2,910",61,B3,0,0,295.6079128,0,0,0,295.6079128,
"2,586",61,B1,16.64744385,0,63.95649362,0,0,0,80.60393747,
"2,194",61,B2,34.35255615,0,244.4355936,0,0,0,278.7881498,
"4,253",61,R2,13.08429111,0,58.43518723,0,0,0,71.51947834,
"1,833",62,R3,0,0,241.7358785,0,0,0,241.7358785,
"10,291",62,R1,0,0,120.7764007,0,0,0,120.7764007,
"3,044",62,R2,0,0,30.48772084,0,0,0,30.48772084,
"8,373",62,B1,17.50945517,0,146.9956569,0,0,0,164.5051121,
"5,951",62,B3,24.46352014,0,33.83913307,0,0,0,58.30265322,Shooter stopped working
"2,067",62,B2,45.02702468,0,117.16521,0,0,0,162.1922347,
"3,966",63,R3,0,0,63.61271671,0,0,0,63.61271671,"Could not find for auto, re-scout later"
"3,256",63,R1,60.09638953,0,150.6866569,0,0,0,210.7830464,
"9,128",63,B1,0,0,126.7727228,0,0,0,126.7727228,
346,63,B3,55.70012442,0,118.5222779,0,0,0,174.2224024,
"2,783",63,B2,70.29987558,0,80.7049993,0,0,0,151.0048749,
"2,370",63,R2,32.90361047,0,51.7006264,0,0,0,84.60423687,
88,64,R3,17.46817277,0,38.35645932,0,0,0,55.8246321,
"5,216",64,R1,0,0,142.5991929,0,0,0,142.5991929,
"5,549",64,B2,14.39856829,0,35.86068565,0,0,0,50.25925395,
180,64,B1,43.33176545,0,308.1679134,0,0,0,351.4996788,
930,64,R2,64.53182723,0,198.0443478,0,0,0,262.576175,
"2,052",64,B3,56.26966625,0,146.971401,0,0,0,203.2410672,
"1,540",65,R3,20.01681379,0,36.26927021,0,0,0,56.286084,browning out at the end
599,65,R1,54.05466738,0,244.4103481,0,0,0,298.4650155,
687,65,B2,34.05195631,0,199.2263302,0,0,0,233.2782865,
"10,979",65,B1,21.41,0,0,0,0,0,21.41,
604,65,R2,48.92851883,0,166.3203817,0,0,0,215.2489005,
"9,408",65,B3,28.94804369,0,62.24080736,0,0,0,91.18885104,
"7,160",67,R3,5.886048832,0,50.86158498,0,0,0,56.74763381,
424,67,R1,17.60038369,0,52.78544468,0,0,0,70.38582837,Stalls before shooting
818,67,B2,22.81037611,0,100.8226982,0,0,0,123.6330743,
"4,590",67,B1,27.78014996,0,243.2588953,0,0,0,271.0390452,
"9,245",67,R2,37.51356748,0,173.3529703,0,0,0,210.8665378,
"2,996",67,B3,32.40947392,0,116.9184066,0,0,0,149.3278805,
"1,922",68,R3,51.08356692,0,136.3484226,0,0,0,187.4319896,
386,68,R1,6.702617921,0,10.41998553,0,0,0,17.12260345,
195,68,B2,41.61448057,0,208.9387817,0,0,0,250.5532623,
"6,988",68,B1,0,0,0,0,0,0,2,Defense bot
"3,276",68,R2,10.21381516,0,138.2315918,0,0,0,148.445407,
"2,713",68,B3,20.38551943,0,176.0612183,0,0,0,196.4467377,
973,69,R3,64.57879328,0,243.668814,0,0,0,308.2476073,
"6,647",69,R1,50.42120672,0,211.331186,0,0,0,261.7523927,
"4,253",69,B2,21.7057737,0,0,0,0,0,21.7057737,electrical pr
"4,253",69,B2,21.7057737,0,0,0,0,0,21.7057737,electrical pr
948,69,B1,11.58845259,0,35.83790946,0,0,0,47.42636206,
"1,902",69,R2,0,0,0,0,0,0,2,
"5,414",69,B3,0,0,189.1620905,0,0,0,189.1620905,beached once in auto and once in teleop
"3,005",70,R3,32.94267858,0,51.72573793,0,0,0,84.66841651,
"1,884",70,R1,0,0,0,0,0,0,2,
"4,099",70,B2,7.96876259,0,60.97673578,0,0,0,68.94549837,
"8,046",70,B1,12.11429191,0,166.1178992,0,0,0,178.2321911,
"9,029",70,R2,45.05732142,0,61.27426207,0,0,0,106.3315835,
"10,291",70,B3,11.9169455,0,139.905365,0,0,0,151.8223105,Beach auto
346,71,R3,29.49921982,0,183.9215277,0,0,0,213.4207475,brownout
233,71,R1,27.85151988,0,122.0784723,0,0,0,149.9299922,
868,71,B2,19.43649787,0,63.96820124,0,0,0,83.4046991,
695,71,B1,55.56350213,0,296.2614971,0,0,0,351.8249992,
"11,463",71,R2,7.649260298,0,0,0,0,0,7.649260298,
"2,067",71,B3,0,0,127.7703017,0,0,0,127.7703017,
"3,354",72,R3,7.716949495,0,71.77294376,0,0,0,79.48989325,
"5,736",72,R1,70.38372216,0,199.3610131,0,0,0,269.7447352,
"1,833",72,B2,57.47538456,0,0,0,0,0,57.47538456,broken shooter
"4,561",72,B1,40.00840017,0,86.87903496,0,0,0,126.8874351,
"2,910",72,R2,78.89932834,0,294.8660432,0,0,0,373.7653715,
"9,450",72,B3,19.51621528,0,31.12096504,0,0,0,50.63718031,
"5,948",73,R3,12.54590793,0,187.0098959,0,0,0,199.5558038,
"2,370",73,R1,21.47287993,0,143.7585858,0,0,0,165.2314658,
"1,577",73,B2,51.44769088,0,81.03518087,0,0,0,132.4828717,electrical problems
"8,373",73,R2,11.98121214,0,177.2315183,0,0,0,189.2127304,
"2,586",73,B3,32.83260103,0,95.65606861,0,0,0,128.4886696,
"9,067",73,B1,12.71970808,0,90.30875053,0,0,0,103.0284586,
"3,044",74,R3,0,0,0,0,0,0,2,no shooter?
"6,352",74,R1,9.105809582,0,71.17469059,0,0,0,80.28050017,
"10,553",74,B2,0,0,0,0,0,0,2,
"2,194",74,R2,46.89419042,0,123.8253094,0,0,0,170.7194998,
"1,796",74,B3,18.91313813,0,286.0745293,0,0,0,304.9876674,stuck in auto
148,74,B1,80.08686187,0,157.9254707,0,0,0,238.0123326,
"10,935",75,R3,3.475027225,0,6.146765896,0,0,0,9.621793121,
"4,400",75,R1,53.80322799,0,185.902694,0,0,0,239.705922,
"1,108",75,B2,30.83076927,0,0,0,0,0,30.83076927,
"3,256",75,R2,58.72174479,0,218.9505401,0,0,0,277.6722848,
"5,951",75,B3,22.1208426,0,271.7357194,0,0,0,293.8565619,
"4,206",75,B1,24.04838814,0,187.2642806,0,0,0,211.3126688,
"9,128",76,R3,105.8970851,0,214.2733747,0,0,0,320.1704598,
"2,052",76,R1,24.23961619,0,125.344798,0,0,0,149.5844142,
"6,988",76,B2,0,0,0,0,0,0,2,
424,76,R2,38.86329866,0,81.3818273,0,0,0,120.245126,
604,76,B3,70.36221815,0,300.6233677,0,0,0,370.9855859,
"3,276",76,B1,21.63778185,0,46.3766323,0,0,0,68.01441415,
"2,996",77,R3,43.55363653,0,86.16762509,0,0,0,129.7212616,
599,77,R1,74.44636347,0,226.1912164,0,0,0,300.6375799,
195,77,B2,0,0,178.4058033,0,0,0,178.4058033,
"5,549",77,R2,0,0,107.6411585,0,0,0,107.6411585,
818,77,B3,31.76300969,0,59.72826549,0,0,0,91.49127518,
"10,903",77,B1,21.23699031,0,29.86593126,0,0,0,51.10292157,
"1,884",78,R3,0,0,0,0,0,0,2,
687,78,R1,60.34928198,0,230.5418984,0,0,0,290.8911803,
"7,160",78,B2,15.86321752,0,117.40234,0,0,0,133.2655576,
"10,291",78,R2,24.65071802,0,134.4581016,0,0,0,159.1088197,
180,78,B3,51.44667387,0,213.0855568,0,0,0,264.5322306,
"1,902",78,B1,10.69010861,0,68.51210321,0,0,0,79.20221182,
"6,647",79,R3,84,0,113.7291819,0,0,0,197.7291819,
233,79,R1,0,0,116.8709745,0,0,0,116.8709745,
"9,245",79,B2,54.89959531,0,149.2032115,0,0,0,204.1028068,
"5,414",79,R2,0,0,34.3998436,0,0,0,34.3998436,hopper completely broke off
386,79,B3,19.343604,0,36.46513774,0,0,0,55.80874174,Hopper walls bent/broken
"6,036",79,B1,40.75680068,0,197.3316507,0,0,0,238.0884514,
"8,046",80,R3,57.07756495,0,261.1869496,0,0,0,318.2645145,
"2,910",80,R1,94.92243505,0,316.8130504,0,0,0,411.7354855,
"1,807",80,B2,13.82755766,0,3.421743128,0,0,0,17.24930078,
"4,561",80,B2,10.11919757,0,91.54912295,0,0,0,101.6683205,
"11,463",80,B3,4.168225762,0,16.63527381,0,0,0,20.80349958,
930,80,B1,27.88501901,0,44.39386011,0,0,0,72.27887912,
695,81,R3,60.14366659,0,249.6471707,0,0,0,309.7908373,
"1,922",81,R1,22.38269909,0,332.793603,0,0,0,355.1763021,
"9,029",81,B2,11.00975021,0,51.75658666,0,0,0,62.76633687,bump
341,81,R2,46.8465832,0,155.5962426,0,0,0,202.4428258,
973,81,B3,140,0,537,0,0,0,677,
"2,067",81,B1,0,0,76.97076164,0,0,0,76.97076164,beached on bump
"3,005",82,R2,26.97810022,0,35.14108476,0,0,0,62.11918498,
868,83,R3,10.62490199,0,94.79189718,0,0,0,105.4167992,
"3,256",83,R1,72.02189978,0,315.8881536,0,0,0,387.9100534,
"2,194",83,B2,60.2682324,0,169.9516191,0,0,0,230.2198515,
"9,067",83,R2,25.1068656,0,73.2564837,0,0,0,98.36334931,
"2,370",83,B3,20.75315129,0,182.4946269,0,0,0,203.2477782,
"2,046",83,B1,67.84252865,0,132.5053731,0,0,0,200.3479017,Intake broke
"1,833",84,R3,114.3466243,0,451.944573,0,0,0,566.2911973,
"10,979",84,R1,26.40432006,0,0,0,0,0,26.40432006,
#REF!,84,B2,0,0,0,#REF!,#REF!,#REF!,#REF!,#REF!
948,84,R2,5.65337568,0,43.05542704,0,0,0,48.70880272,
"10,553",84,B3,8.273144031,0,20.95339114,0,0,0,29.22653517,
"2,713",85,R3,35.58385209,0,140.2975759,0,0,0,175.881428,
"1,108",85,R1,11.73029107,0,103.7441497,0,0,0,115.4744407,
"4,590",85,B2,8.257260262,0,15.07475183,0,0,0,23.3320121,"Rammed into another robot, demobilizing it."
"5,951",85,B1,33.14300387,0,33.74903293,0,0,0,66.89203681,
"1,577",85,R2,20.01244867,0,136.1810985,0,0,0,156.1935472,
"2,586",85,B3,0.410580778,0,10.07847982,0,0,0,10.48906059,
"9,450",86,R3,14.85188291,0,51.50257947,0,0,0,66.35446237,
346,86,B2,94.08085049,0,178.8580733,0,0,0,272.9389238,
148,86,R1,0.5085687302,0,119.0634469,0,0,0,119.5720156,
"4,206",86,R1,27.27122284,0,90.04653317,0,0,0,117.317756,
"4,099",86,B3,62.87689425,0,133.4508874,0,0,0,196.3277816,
"3,044",86,B1,35.0182686,0,103.798519,0,0,0,138.8167876,
"2,783",87,R3,12.93342431,0,185.4792357,0,0,0,198.41266,
"10,935",87,B2,3.054349486,0,24.47700064,0,0,0,27.53135013,
88,87,R1,50.92738192,0,167.7244804,0,0,0,218.6518623,
"6,436",87,R2,84.06657569,0,127.926649,0,0,0,211.9932247,Fast consistently
"2,783",87,B3,0,0,147.5941152,0,0,0,147.5941152,
"3,354",87,B1,59.75460832,0,156.3007692,0,0,0,216.0553775,
"9,408",88,B2,27.26571573,0,195.0197603,0,0,0,222.285476,
"6,647",88,R1,52.17169616,0,220.9802397,0,0,0,273.1519358,
"1,884",88,R2,0,0,0,0,0,0,2,Why do they start preloaded with fuel theyre literally a brick
"1,796",88,B3,51.24539168,0,132.6992308,0,0,0,183.9446225,
0,88,B1,0,0,0,0,0,0,2,
0,,,0,0,0,0,0,0,2,
0,,,0,0,0,0,0,0,2,
0,,,0,0,0,0,0,0,2,
0,,,0,0,0,0,0,0,2,
0,,,0,0,0,0,0,0,2,
0,,,0,0,0,0,0,0,2,
0,,,0,0,0,0,0,0,2,
0,,,0,0,0,0,0,0,2,
0,,,0,0,0,0,0,0,2,
0,,,0,0,0,0,0,0,2,
0,,,0,0,0,0,0,0,2,
0,,,0,0,0,0,0,0,2,
0,,,0,0,0,0,0,0,2,
0,,,0,0,0,0,0,0,2,
0,,,0,0,0,0,0,0,2,
0,,,0,0,0,0,0,0,2,
"1,807",,,44.56258812,0,0,0,0,0,44.56258812,
"4,253",88,R3,29.99843118,0,83.30407209,0,0,0,113.3025033,
"10,291",89,B1,19.83223648,0,136.738942,0,0,0,156.5711785,
"4,253",89,R1,11.55746924,0,77.41608794,0,0,0,88.97355718,
"9,245",89,B2,58.44409958,0,158.27984,0,0,0,216.7239395,
"9,128",89,B3,56.66479174,0,293.2331642,0,0,0,349.897956,
"4,561",89,R2,9.502971787,0,129.0278937,0,0,0,138.5308655,
973,89,R3,67.67537883,0,191.6740128,0,0,0,259.3493917,
"6,036",90,B1,0,0,252.9963296,0,0,0,252.9963296,
599,90,R1,34.90948671,0,247.3542092,0,0,0,282.2636959,
180,90,B2,54.68655586,0,66.00367037,0,0,0,120.6902262,Shooter jammed
"11,463",90,R3,9.031803085,0,0,0,0,0,9.031803085,
"6,352",90,R2,9.415134465,0,40.97177798,0,0,0,50.38691245,"Get tippy when their hoppers full, too clunky to fill up hooper"
604,90,B3,27.74580092,0,448,0,0,0,475.7458009,
868,91,B1,59.97980771,0,305.9607292,0,0,0,365.9405369,
"2,194",91,R1,35.78456776,0,116.4935885,0,0,0,152.2781562,Too bulky
"1,922",92,B3,48.25419908,0,0,0,0,0,48.25419908,
"3,256",91,B2,15.55646382,0,116.8775177,0,0,0,132.4339815,
868,91,R2,37.46372847,0,201.1617532,0,0,0,238.6254817,Disabled for a second
195,91,R3,91.6050014,0,239.3201911,0,0,0,330.9251925,
"2,046",92,R1,40.32840866,0,223.9837299,0,0,0,264.3121386,
930,92,B1,31.64092522,0,106.4723384,0,0,0,138.1132636,
"3,276",92,R3,9.754073379,0,89.20747048,0,0,0,98.96154386,
695,92,R2,56.10245581,0,151.0290932,0,0,0,207.131549,
"2,194",92,B2,35.78456776,0,116.4935885,0,0,0,152.2781562,Too bulky
"10,553",92,B3,9.848723625,0,0,0,0,0,9.848723625,intake broke
"5,216",93,B1,0,0,210.2042765,0,0,0,210.2042765,
386,93,B2,18.83305926,0,79.65944287,0,0,0,98.49250213,
"1,833",93,R1,64.15127638,0,219.7957235,0,0,0,283.9469999,
"1,902",93,B3,0,0,70.29167716,0,0,0,70.29167716,
"4,400",93,R3,70.16694074,0,193.04888,0,0,0,263.2158207,
148,93,R2,53.52749074,0,134.76822,0,0,0,188.2957107,
"2,586",94,B1,0,0,16.06955797,0,0,0,16.06955797,
"10,903",94,R3,0,0,13.4002961,0,0,0,13.4002961,Died for half of match
"2,713",94,B3,23.79251075,0,30.36270631,0,0,0,54.15521706,
"5,414",94,R2,32.47250926,0,81.8314839,0,0,0,114.3039932,
341,94,B2,62.20748925,0,291.5677357,0,0,0,353.775225,
"3,966",94,R1,20.44197882,0,210.4501452,0,0,0,230.892124,
"4,590",95,R1,0,0,0,0,0,0,2,Started match dead
"6,436",95,B3,52.97297297,0,206,0,0,0,258.972973,
"2,052",95,B2,37.42232092,0,44.67574781,0,0,0,82.09806873,
"10,935",95,R3,3.027027027,0,0,0,0,0,3.027027027,defense
"3,005",95,B1,25.13570026,0,58.87410703,0,0,0,84.00980729,
818,95,R2,16.63202322,0,145.7167688,10,0,0,172.348792,
"4,206",96,R1,44.17117752,0,157.9256581,0,0,0,202.0968356,
"2,370",96,B2,64.82882248,0,115.6961691,0,0,0,180.5249916,Mid shuttles and def
424,96,B3,40.4723168,0,144.4838712,0,0,0,184.956188,
"3,354",96,R3,47.89565999,0,26.79936005,0,0,0,74.69502004,
"3,044",96,R2,0,0,72.37817285,0,0,0,72.37817285,
"1,108",96,B1,50.16492336,0,134.0128244,0,0,0,184.1777478,
948,97,R1,10.35771615,0,30.53289936,0,0,0,40.8906155,
"1,540",97,R2,18.63120716,0,251.251887,0,0,0,269.8830941,
"4,099",97,B2,41.47736049,0,169.4542762,0,0,0,210.9316367,
"5,948",97,R3,32.36430389,0,0,0,0,0,32.36430389,Defense
233,97,B1,32.00448896,0,89.74811302,0,0,0,121.752602,Got bleached in auto
0,97,B3,0,0,0,0,0,0,2,
"9,029",,,88,0,121,0,0,0,209,
0,98,R1,0,0,0,0,0,0,2,
"9,408",,,0,0,329,0,0,0,329,
0,98,B3,0,0,0,0,0,0,2,
0,,,0,0,0,0,0,0,2,
0,,,0,0,0,0,0,0,2,
"5,549",,,20.69690656,0,145.3128711,0,0,0,166.0097777,
"8,046",99,B3,17.44964839,0,66.80602843,0,0,0,84.25567682,
346,99,R1,31.64154215,0,199.483157,0,0,0,231.1246992,
687,99,B2,60.19461795,0,289.375508,0,0,0,349.570126,
"5,951",99,R2,14.35573366,0,121.8184636,0,0,0,136.1741972,
88,99,R3,35.66155129,0,148.2039719,0,0,0,183.8655232,
"1,796",99,B1,78.16435222,0,200.6121346,0,0,0,278.7764869,
"9,067",100,R2,6.835647776,0,103.3878654,0,0,0,110.2235131,
"9,450",100,R3,0,0,0,0,0,0,2,
"10,979",100,B1,0,0,0,0,0,0,2,Shooter angles too weird to shoot in hub
"6,988",100,B3,0,0,0,0,0,0,2,
"7,160",100,R1,30,0,149,0,0,0,179,
195,100,B2,79.76162503,0,179.3566736,0,0,0,259.1182986,
"2,046",101,B1,69.66304604,0,276.5888671,0,0,0,346.2519131,
"3,256",101,B2,12.57532894,0,152.0544593,0,0,0,164.6297882,"Good turret, but seems easily defendable and weird CoM that makes them unstable at times"
"6,352",101,B3,9.898380624,0,107.3255045,0,0,0,117.2238851,
"6,352",101,R1,9.898380624,0,107.3255045,0,0,0,117.2238851,
"4,253",101,R1,16.20323875,0,159.3489911,0,0,0,175.5522298,
"3,276",101,R3,57.79512649,0,252.8151628,0,0,0,310.6102893,
868,102,B2,41.20487351,0,178.1848372,0,0,0,219.3897107,
148,102,B1,68.09990591,0,111.5719292,0,0,0,179.6718351,
"1,902",102,R3,0,0,0,0,0,0,2,"L defense bot, their systems broke ig"
599,102,B3,0,0,268.9017315,0,0,0,268.9017315,
"9,245",102,R2,10.90009409,0,117.5263393,0,0,0,128.4264334,
"1,884",102,R1,0,0,0,0,0,0,2,HOW DID THEY GET HERE!
"2,052",103,B3,51,0,237.752195,0,0,0,288.752195,
"4,561",103,B2,58.93520767,0,143.1297584,0,0,0,202.0649661,
386,103,R2,15.06479233,0,35.7105667,0,0,0,50.77535903,
"2,586",103,R1,0,0,138.1596749,0,0,0,138.1596749,
973,103,R3,0,0,168.247805,0,0,0,168.247805,beach during auto
"1,922",103,B1,0,0,248.8534274,0,0,0,248.8534274,
"10,935",104,B2,6.041302881,0,23.89861993,0,0,0,29.93992281,
"2,370",104,R3,6.097094276,0,111.5124161,0,0,0,117.6095104,
"2,996",104,B1,64.06864284,0,177.3608753,0,0,0,241.4295181,
"11,463",104,R2,11.89005428,0,29.7405048,0,0,0,41.63055907,
930,104,R1,45.90290572,0,165.6341565,0,0,0,211.5370622,Fast cycler
"5,216",104,B3,0,0,18.98807147,0,0,0,18.98807147,hopper broke
233,105,B2,43.48201562,0,92.37050051,0,0,0,135.8525161,
"3,966",105,B3,39.22182168,0,192.1539231,0,0,0,231.3757448,
"4,590",105,R3,31.78869404,0,69.40304964,0,0,0,101.1917437,
604,105,R2,62.98948427,0,162.4430272,0,0,0,225.4325115,
"10,903",105,R1,16.51798438,0,19.64142802,0,0,0,36.15941239,crap mechanisms
818,105,B1,36.04647972,0,40.73589015,0,0,0,76.78236988,
"8,373",106,B3,14.77989816,0,102.2127348,0,0,0,116.9926329,Bleaches easily
"4,099",106,R2,0,0,88.93499039,0,0,0,88.93499039,
341,106,B2,48.22010184,0,246.2251848,10,0,0,304.4452866,
"1,577",106,R1,0,0,110.5620804,0,0,0,110.5620804,beached on bump in auto
"2,194",106,R3,61.95352028,0,188.3291195,0,0,0,250.2826397,
"5,414",106,B1,35.04617686,0,75.66787346,0,0,0,110.7140503,
"9,408",107,R1,94.92143706,0,387.5945845,0,0,0,482.5160216,
"10,553",107,B3,20.07856294,0,59.40541548,0,0,0,79.48397842,defense
88,107,B1,51.95382314,0,112.9375163,0,0,0,164.8913395,
"8,046",107,R3,0,0,93.3946102,0,0,0,93.3946102,
0,107,R2,0,0,0,0,0,0,2,
"6,647",,,54.08972292,0,228.4122101,0,0,0,282.501933,
"9,450",108,B3,0,0,0,0,0,0,2,"Mid defense, intake mechanism prob brok"
424,108,R2,50.19724771,0,222.6169344,0,0,0,272.8141821,
687,108,R1,34.55657418,0,35.64004391,0,0,0,70.19661809,
"6,436",108,B1,40.3537029,0,145.947746,0,0,0,186.3014489,
424,108,B2,42.80275229,0,135.3830656,0,0,0,178.1858179,
"2,067",108,R3,54.84462394,0,249.1483602,0,0,0,303.9929841,
"4,400",109,R1,0,0,129.5979785,0,0,0,129.5979785,
"9,128",109,B3,43.44107014,0,325.2794659,0,0,0,368.720536,
"1,796",109,B1,50.51044218,0,0,0,0,0,50.51044218,intake broke at the beginning of telelop
"7,160",109,R3,11.64493388,0,73.8516398,0,0,0,85.49657368,Liam was beating it mid match
"1,540",109,R2,35.55892986,0,164.1225557,0,0,0,199.6814855,
948,109,B2,14.22235262,0,47.23047157,0,0,0,61.45282419,
346,110,R1,0,0,221.2527679,0,0,0,221.2527679,
"3,354",110,B1,71.04296384,0,196.318052,0,0,0,267.3610159,
"9,067",110,B3,33.6684958,0,0,0,0,0,33.6684958,
"3,005",110,R3,64.10915157,0,304.7695284,0,0,0,368.87868,
"5,951",110,R2,15.95703616,0,101.4291801,0,0,0,117.3862162,